{
  "train_loss": [
    0.124875,
    0.004761,
    0.001831,
    0.001378,
    0.001304
  ],
  "val_loss": [
    0.015774,
    0.013058,
    0.01156,
    0.01159,
    0.012394
  ],
  "val_f1": [
    0.994745,
    0.995885,
    0.996796,
    0.99702,
    0.996789
  ]
}